First name,Sur name,Issue count,Date of birth,avatar
Name,1,9,"""1985-03-23T12:30:00""",https://api.multiavatar.com/2cdf5db9b4dee297b7.png
Name,2,"""1985-03-23T12:30:00""",https://api.multiavatar.com/2cdf5db9b4dee297b7.png
Name,3,9,"""1985-03-23T12:30:00""",https://api.multiavatar.com/2cdf5db9b4dee297b7.png
Name,4,2,"""1985-03-23T12:30:00""",https://api.multiavatar.com/2cdf5db9b4dee297b7.png
Name,5,5,"""1985-03-23T12:30:00""",https://api.multiavatar.com/2cdf5db9b4dee297b7.png
Name,6,0,"""1985-03-23T12:30:00""",https://api.multiavatar.com/2cdf5db9b4dee297b7.png
Name,7,4,"""1985-03-23T12:30:00""",https://api.multiavatar.com/2cdf5db9b4dee297b7.png
Name,8,9,"""1985-03-23T12:30:00""",https://api.multiavatar.com/2cdf5db9b4dee297b7.png
Name,9,3,"""1985-03-23T12:30:00""",https://api.multiavatar.com/2cdf5db9b4dee297b7.png
Name,10,2,"""1985-03-23T12:30:00""",https://api.multiavatar.com/2cdf5db9b4dee297b7.png
Name,11,0,"""1985-03-23T12:30:00""",https://api.multiavatar.com/2cdf5db9b4dee297b7.png
Name,12,5,"""1985-03-23T12:30:00""",https://api.multiavatar.com/2cdf5db9b4dee297b7.png
Name,13,6,"""1985-03-23T12:30:00""",https://api.multiavatar.com/2cdf5db9b4dee297b7.png
Name,14,7,"""1985-03-23T12:30:00""",https://api.multiavatar.com/2cdf5db9b4dee297b7.png
Name,15,5,"""1985-03-23T12:30:00""",https://api.multiavatar.com/2cdf5db9b4dee297b7.png
Name,16,8,"""1985-03-23T12:30:00""",https://api.multiavatar.com/2cdf5db9b4dee297b7.png
Name,17,1,"""1985-03-23T12:30:00""",https://api.multiavatar.com/2cdf5db9b4dee297b7.png
Name,18,4,"""1985-03-23T12:30:00""",https://api.multiavatar.com/2cdf5db9b4dee297b7.png
Name,19,1,"""1985-03-23T12:30:00""",https://api.multiavatar.com/2cdf5db9b4dee297b7.png
Name,20,8,"""1985-03-23T12:30:00""",https://api.multiavatar.com/2cdf5db9b4dee297b7.png
Name,21,7,"""1985-03-23T12:30:00""",https://api.multiavatar.com/2cdf5db9b4dee297b7.png
Name,22,2,"""1985-03-23T12:30:00""",https://api.multiavatar.com/2cdf5db9b4dee297b7.png
Name,23,1,"""1985-03-23T12:30:00""",https://api.multiavatar.com/2cdf5db9b4dee297b7.png
Name,24,3,"""1985-03-23T12:30:00""",https://api.multiavatar.com/2cdf5db9b4dee297b7.png
Name,25,0,"""1985-03-23T12:30:00""",https://api.multiavatar.com/2cdf5db9b4dee297b7.png
Name,26,0,"""1985-03-23T12:30:00""",https://api.multiavatar.com/2cdf5db9b4dee297b7.png
Name,27,2,"""1985-03-23T12:30:00""",https://api.multiavatar.com/2cdf5db9b4dee297b7.png
Name,28,0,"""1985-03-23T12:30:00""",https://api.multiavatar.com/2cdf5db9b4dee297b7.png
Name,29,1,"""1985-03-23T12:30:00""",https://api.multiavatar.com/2cdf5db9b4dee297b7.png
Name,30,5,"""1985-03-23T12:30:00""",https://api.multiavatar.com/2cdf5db9b4dee297b7.png
Name,31,2,"""1985-03-23T12:30:00""",https://api.multiavatar.com/2cdf5db9b4dee297b7.png
Name,32,7,"""1985-03-23T12:30:00""",https://api.multiavatar.com/2cdf5db9b4dee297b7.png
Name,33,1,"""1985-03-23T12:30:00""",https://api.multiavatar.com/2cdf5db9b4dee297b7.png
Name,34,7,"""1985-03-23T12:30:00""",https://api.multiavatar.com/2cdf5db9b4dee297b7.png
Name,35,0,"""1985-03-23T12:30:00""",https://api.multiavatar.com/2cdf5db9b4dee297b7.png
Name,36,3,"""1985-03-23T12:30:00""",https://api.multiavatar.com/2cdf5db9b4dee297b7.png
Name,37,8,"""1985-03-23T12:30:00""",https://api.multiavatar.com/2cdf5db9b4dee297b7.png
Name,38,7,"""1985-03-23T12:30:00""",https://api.multiavatar.com/2cdf5db9b4dee297b7.png
Name,39,9,"""1985-03-23T12:30:00""",https://api.multiavatar.com/2cdf5db9b4dee297b7.png
Name,40,1,"""1985-03-23T12:30:00""",https://api.multiavatar.com/2cdf5db9b4dee297b7.png
Name,41,9,"""1985-03-23T12:30:00""",https://api.multiavatar.com/2cdf5db9b4dee297b7.png
Name,42,4,"""1985-03-23T12:30:00""",https://api.multiavatar.com/2cdf5db9b4dee297b7.png
Name,43,3,"""1985-03-23T12:30:00""",https://api.multiavatar.com/2cdf5db9b4dee297b7.png
Name,44,7,"""1985-03-23T12:30:00""",https://api.multiavatar.com/2cdf5db9b4dee297b7.png
Name,45,3,"""1985-03-23T12:30:00""",https://api.multiavatar.com/2cdf5db9b4dee297b7.png
Name,46,7,"""1985-03-23T12:30:00""",https://api.multiavatar.com/2cdf5db9b4dee297b7.png
Name,47,6,"""1985-03-23T12:30:00""",https://api.multiavatar.com/2cdf5db9b4dee297b7.png
Name,48,3,"""1985-03-23T12:30:00""",https://api.multiavatar.com/2cdf5db9b4dee297b7.png
Name,49,6,"""1985-03-23T12:30:00""",https://api.multiavatar.com/2cdf5db9b4dee297b7.png
Name,50,5,"""1985-03-23T12:30:00""",https://api.multiavatar.com/2cdf5db9b4dee297b7.png
Name,51,2,"""1985-03-23T12:30:00""",https://api.multiavatar.com/2cdf5db9b4dee297b7.png
Name,52,1,"""1985-03-23T12:30:00""",https://api.multiavatar.com/2cdf5db9b4dee297b7.png
Name,53,3,"""1985-03-23T12:30:00""",https://api.multiavatar.com/2cdf5db9b4dee297b7.png
Name,54,4,"""1985-03-23T12:30:00""",https://api.multiavatar.com/2cdf5db9b4dee297b7.png
Name,55,1,"""1985-03-23T12:30:00""",https://api.multiavatar.com/2cdf5db9b4dee297b7.png
Name,56,6,"""1985-03-23T12:30:00""",https://api.multiavatar.com/2cdf5db9b4dee297b7.png
Name,57,6,"""1985-03-23T12:30:00""",https://api.multiavatar.com/2cdf5db9b4dee297b7.png
Name,58,7,"""1985-03-23T12:30:00""",https://api.multiavatar.com/2cdf5db9b4dee297b7.png
Name,59,9,"""1985-03-23T12:30:00""",https://api.multiavatar.com/2cdf5db9b4dee297b7.png
Name,60,8,"""1985-03-23T12:30:00""",https://api.multiavatar.com/2cdf5db9b4dee297b7.png
Name,61,5,"""1985-03-23T12:30:00""",https://api.multiavatar.com/2cdf5db9b4dee297b7.png
Name,62,5,"""1985-03-23T12:30:00""",https://api.multiavatar.com/2cdf5db9b4dee297b7.png
Name,63,0,"""1985-03-23T12:30:00""",https://api.multiavatar.com/2cdf5db9b4dee297b7.png
Name,64,6,"""1985-03-23T12:30:00""",https://api.multiavatar.com/2cdf5db9b4dee297b7.png
Name,65,3,"""1985-03-23T12:30:00""",https://api.multiavatar.com/2cdf5db9b4dee297b7.png
Name,66,1,"""1985-03-23T12:30:00""",https://api.multiavatar.com/2cdf5db9b4dee297b7.png
Name,67,3,"""1985-03-23T12:30:00""",https://api.multiavatar.com/2cdf5db9b4dee297b7.png
Name,68,9,"""1985-03-23T12:30:00""",https://api.multiavatar.com/2cdf5db9b4dee297b7.png
Name,69,2,"""1985-03-23T12:30:00""",https://api.multiavatar.com/2cdf5db9b4dee297b7.png
Name,70,7,"""1985-03-23T12:30:00""",https://api.multiavatar.com/2cdf5db9b4dee297b7.png
Name,71,3,"""1985-03-23T12:30:00""",https://api.multiavatar.com/2cdf5db9b4dee297b7.png
Name,72,9,"""1985-03-23T12:30:00""",https://api.multiavatar.com/2cdf5db9b4dee297b7.png
Name,73,7,"""1985-03-23T12:30:00""",https://api.multiavatar.com/2cdf5db9b4dee297b7.png
Name,74,8,"""1985-03-23T12:30:00""",https://api.multiavatar.com/2cdf5db9b4dee297b7.png
Name,75,6,"""1985-03-23T12:30:00""",https://api.multiavatar.com/2cdf5db9b4dee297b7.png
Name,76,7,"""1985-03-23T12:30:00""",https://api.multiavatar.com/2cdf5db9b4dee297b7.png
Name,77,6,"""1985-03-23T12:30:00""",https://api.multiavatar.com/2cdf5db9b4dee297b7.png
Name,78,7,"""1985-03-23T12:30:00""",https://api.multiavatar.com/2cdf5db9b4dee297b7.png
Name,79,9,"""1985-03-23T12:30:00""",https://api.multiavatar.com/2cdf5db9b4dee297b7.png
Name,80,7,"""1985-03-23T12:30:00""",https://api.multiavatar.com/2cdf5db9b4dee297b7.png
Name,81,5,"""1985-03-23T12:30:00""",https://api.multiavatar.com/2cdf5db9b4dee297b7.png
Name,82,5,"""1985-03-23T12:30:00""",https://api.multiavatar.com/2cdf5db9b4dee297b7.png
Name,83,3,"""1985-03-23T12:30:00""",https://api.multiavatar.com/2cdf5db9b4dee297b7.png
Name,84,1,"""1985-03-23T12:30:00""",https://api.multiavatar.com/2cdf5db9b4dee297b7.png
Name,85,0,"""1985-03-23T12:30:00""",https://api.multiavatar.com/2cdf5db9b4dee297b7.png
Name,86,9,"""1985-03-23T12:30:00""",https://api.multiavatar.com/2cdf5db9b4dee297b7.png
Name,87,6,"""1985-03-23T12:30:00""",https://api.multiavatar.com/2cdf5db9b4dee297b7.png
Name,88,4,"""1985-03-23T12:30:00""",https://api.multiavatar.com/2cdf5db9b4dee297b7.png
Name,89,6,"""1985-03-23T12:30:00""",https://api.multiavatar.com/2cdf5db9b4dee297b7.png
Name,90,8,"""1985-03-23T12:30:00""",https://api.multiavatar.com/2cdf5db9b4dee297b7.png
Name,91,5,"""1985-03-23T12:30:00""",https://api.multiavatar.com/2cdf5db9b4dee297b7.png
Name,92,6,"""1985-03-23T12:30:00""",https://api.multiavatar.com/2cdf5db9b4dee297b7.png
Name,93,7,"""1985-03-23T12:30:00""",https://api.multiavatar.com/2cdf5db9b4dee297b7.png
Name,94,3,"""1985-03-23T12:30:00""",https://api.multiavatar.com/2cdf5db9b4dee297b7.png
Name,95,0,"""1985-03-23T12:30:00""",https://api.multiavatar.com/2cdf5db9b4dee297b7.png
Name,96,9,"""1985-03-23T12:30:00""",https://api.multiavatar.com/2cdf5db9b4dee297b7.png
Name,97,6,"""1985-03-23T12:30:00""",https://api.multiavatar.com/2cdf5db9b4dee297b7.png
Name,98,8,"""1985-03-23T12:30:00""",https://api.multiavatar.com/2cdf5db9b4dee297b7.png
Name,99,2,"""1985-03-23T12:30:00""",https://api.multiavatar.com/2cdf5db9b4dee297b7.png
Name,100,9,"""1985-03-23T12:30:00""",https://api.multiavatar.com/2cdf5db9b4dee297b7.png
Name,101,5,"""1985-03-23T12:30:00""",https://api.multiavatar.com/2cdf5db9b4dee297b7.png
Name,102,0,"""1985-03-23T12:30:00""",https://api.multiavatar.com/2cdf5db9b4dee297b7.png
Name,103,8,"""1985-03-23T12:30:00""",https://api.multiavatar.com/2cdf5db9b4dee297b7.png
Name,104,0,"""1985-03-23T12:30:00""",https://api.multiavatar.com/2cdf5db9b4dee297b7.png
Name,105,5,"""1985-03-23T12:30:00""",https://api.multiavatar.com/2cdf5db9b4dee297b7.png
Name,106,8,"""1985-03-23T12:30:00""",https://api.multiavatar.com/2cdf5db9b4dee297b7.png
Name,107,3,"""1985-03-23T12:30:00""",https://api.multiavatar.com/2cdf5db9b4dee297b7.png
Name,108,5,"""1985-03-23T12:30:00""",https://api.multiavatar.com/2cdf5db9b4dee297b7.png
Name,109,2,"""1985-03-23T12:30:00""",https://api.multiavatar.com/2cdf5db9b4dee297b7.png
Name,110,0,"""1985-03-23T12:30:00""",https://api.multiavatar.com/2cdf5db9b4dee297b7.png
Name,111,7,"""1985-03-23T12:30:00""",https://api.multiavatar.com/2cdf5db9b4dee297b7.png
Name,112,8,"""1985-03-23T12:30:00""",https://api.multiavatar.com/2cdf5db9b4dee297b7.png
Name,113,0,"""1985-03-23T12:30:00""",https://api.multiavatar.com/2cdf5db9b4dee297b7.png
Name,114,3,"""1985-03-23T12:30:00""",https://api.multiavatar.com/2cdf5db9b4dee297b7.png
Name,115,4,"""1985-03-23T12:30:00""",https://api.multiavatar.com/2cdf5db9b4dee297b7.png
Name,116,9,"""1985-03-23T12:30:00""",https://api.multiavatar.com/2cdf5db9b4dee297b7.png
Name,117,9,"""1985-03-23T12:30:00""",https://api.multiavatar.com/2cdf5db9b4dee297b7.png
Name,118,0,"""1985-03-23T12:30:00""",https://api.multiavatar.com/2cdf5db9b4dee297b7.png
Name,119,4,"""1985-03-23T12:30:00""",https://api.multiavatar.com/2cdf5db9b4dee297b7.png
Name,120,7,"""1985-03-23T12:30:00""",https://api.multiavatar.com/2cdf5db9b4dee297b7.png
Name,121,8,"""1985-03-23T12:30:00""",https://api.multiavatar.com/2cdf5db9b4dee297b7.png
Name,122,4,"""1985-03-23T12:30:00""",https://api.multiavatar.com/2cdf5db9b4dee297b7.png
Name,123,6,"""1985-03-23T12:30:00""",https://api.multiavatar.com/2cdf5db9b4dee297b7.png
Name,124,7,"""1985-03-23T12:30:00""",https://api.multiavatar.com/2cdf5db9b4dee297b7.png
Name,125,1,"""1985-03-23T12:30:00""",https://api.multiavatar.com/2cdf5db9b4dee297b7.png
Name,126,6,"""1985-03-23T12:30:00""",https://api.multiavatar.com/2cdf5db9b4dee297b7.png
Name,127,3,"""1985-03-23T12:30:00""",https://api.multiavatar.com/2cdf5db9b4dee297b7.png
Name,128,1,"""1985-03-23T12:30:00""",https://api.multiavatar.com/2cdf5db9b4dee297b7.png
Name,129,4,"""1985-03-23T12:30:00""",https://api.multiavatar.com/2cdf5db9b4dee297b7.png
Name,130,3,"""1985-03-23T12:30:00""",https://api.multiavatar.com/2cdf5db9b4dee297b7.png
Name,131,2,"""1985-03-23T12:30:00""",https://api.multiavatar.com/2cdf5db9b4dee297b7.png
Name,132,7,"""1985-03-23T12:30:00""",https://api.multiavatar.com/2cdf5db9b4dee297b7.png
Name,133,2,"""1985-03-23T12:30:00""",https://api.multiavatar.com/2cdf5db9b4dee297b7.png
Name,134,0,"""1985-03-23T12:30:00""",https://api.multiavatar.com/2cdf5db9b4dee297b7.png
Name,135,3,"""1985-03-23T12:30:00""",https://api.multiavatar.com/2cdf5db9b4dee297b7.png
Name,136,4,"""1985-03-23T12:30:00""",https://api.multiavatar.com/2cdf5db9b4dee297b7.png
Name,137,8,"""1985-03-23T12:30:00""",https://api.multiavatar.com/2cdf5db9b4dee297b7.png
Name,138,7,"""1985-03-23T12:30:00""",https://api.multiavatar.com/2cdf5db9b4dee297b7.png
Name,139,6,"""1985-03-23T12:30:00""",https://api.multiavatar.com/2cdf5db9b4dee297b7.png
Name,140,7,"""1985-03-23T12:30:00""",https://api.multiavatar.com/2cdf5db9b4dee297b7.png
Name,141,5,"""1985-03-23T12:30:00""",https://api.multiavatar.com/2cdf5db9b4dee297b7.png
Name,142,4,"""1985-03-23T12:30:00""",https://api.multiavatar.com/2cdf5db9b4dee297b7.png
Name,143,5,"""1985-03-23T12:30:00""",https://api.multiavatar.com/2cdf5db9b4dee297b7.png
Name,144,6,"""1985-03-23T12:30:00""",https://api.multiavatar.com/2cdf5db9b4dee297b7.png
Name,145,0,"""1985-03-23T12:30:00""",https://api.multiavatar.com/2cdf5db9b4dee297b7.png
Name,146,8,"""1985-03-23T12:30:00""",https://api.multiavatar.com/2cdf5db9b4dee297b7.png
Name,147,5,"""1985-03-23T12:30:00""",https://api.multiavatar.com/2cdf5db9b4dee297b7.png
Name,148,9,"""1985-03-23T12:30:00""",https://api.multiavatar.com/2cdf5db9b4dee297b7.png
Name,149,0,"""1985-03-23T12:30:00""",https://api.multiavatar.com/2cdf5db9b4dee297b7.png
Name,150,1,"""1985-03-23T12:30:00""",https://api.multiavatar.com/2cdf5db9b4dee297b7.png
Name,151,6,"""1985-03-23T12:30:00""",https://api.multiavatar.com/2cdf5db9b4dee297b7.png
Name,152,9,"""1985-03-23T12:30:00""",https://api.multiavatar.com/2cdf5db9b4dee297b7.png
Name,153,8,"""1985-03-23T12:30:00""",https://api.multiavatar.com/2cdf5db9b4dee297b7.png
Name,154,9,"""1985-03-23T12:30:00""",https://api.multiavatar.com/2cdf5db9b4dee297b7.png
Name,155,7,"""1985-03-23T12:30:00""",https://api.multiavatar.com/2cdf5db9b4dee297b7.png
Name,156,1,"""1985-03-23T12:30:00""",https://api.multiavatar.com/2cdf5db9b4dee297b7.png
Name,157,1,"""1985-03-23T12:30:00""",https://api.multiavatar.com/2cdf5db9b4dee297b7.png
Name,158,5,"""1985-03-23T12:30:00""",https://api.multiavatar.com/2cdf5db9b4dee297b7.png
Name,159,1,"""1985-03-23T12:30:00""",https://api.multiavatar.com/2cdf5db9b4dee297b7.png
Name,160,1,"""1985-03-23T12:30:00""",https://api.multiavatar.com/2cdf5db9b4dee297b7.png
Name,161,6,"""1985-03-23T12:30:00""",https://api.multiavatar.com/2cdf5db9b4dee297b7.png
Name,162,3,"""1985-03-23T12:30:00""",https://api.multiavatar.com/2cdf5db9b4dee297b7.png
Name,163,7,"""1985-03-23T12:30:00""",https://api.multiavatar.com/2cdf5db9b4dee297b7.png
Name,164,1,"""1985-03-23T12:30:00""",https://api.multiavatar.com/2cdf5db9b4dee297b7.png
Name,165,7,"""1985-03-23T12:30:00""",https://api.multiavatar.com/2cdf5db9b4dee297b7.png
Name,166,3,"""1985-03-23T12:30:00""",https://api.multiavatar.com/2cdf5db9b4dee297b7.png
Name,167,2,"""1985-03-23T12:30:00""",https://api.multiavatar.com/2cdf5db9b4dee297b7.png
Name,168,6,"""1985-03-23T12:30:00""",https://api.multiavatar.com/2cdf5db9b4dee297b7.png
Name,169,9,"""1985-03-23T12:30:00""",https://api.multiavatar.com/2cdf5db9b4dee297b7.png
Name,170,4,"""1985-03-23T12:30:00""",https://api.multiavatar.com/2cdf5db9b4dee297b7.png
Name,171,6,"""1985-03-23T12:30:00""",https://api.multiavatar.com/2cdf5db9b4dee297b7.png
Name,172,4,"""1985-03-23T12:30:00""",https://api.multiavatar.com/2cdf5db9b4dee297b7.png
Name,173,6,"""1985-03-23T12:30:00""",https://api.multiavatar.com/2cdf5db9b4dee297b7.png
Name,174,5,"""1985-03-23T12:30:00""",https://api.multiavatar.com/2cdf5db9b4dee297b7.png
Name,175,6,"""1985-03-23T12:30:00""",https://api.multiavatar.com/2cdf5db9b4dee297b7.png
Name,176,4,"""1985-03-23T12:30:00""",https://api.multiavatar.com/2cdf5db9b4dee297b7.png
